Model;MoranI;p
Composite;0.264220045059335;4.637234804945e-205
Disaggregated;0.245293413289468;4.33369680125139e-177
